Name,Tags,Revised
Photoelectron Spectroscopy,Unit 1,No
Configuration Rules and Predicting Ionic Charges,Unit 1,No
Periodic Trends,Unit 1,No
Bonding,Unit 2,No
Lewis Dot Structures and Polarity,Unit 2,No
Intermolecular Forces,Unit 3,No
Vapor Pressure and Solution Separation,Unit 3,No
Kinetic Molecular Theory,Unit 3,No
"Solids, Liquids, and Gases (Gas Laws)",Unit 3,No
Chemical Reactions,Unit 4,No
"Enthalpy, Oxidation, and Redox Reactions",Unit 4,No
Galvanic Cells And Electrolytic Cells,Unit 4,No
Chemical Reactions and their Rates,Unit 4,No
Laws of Thermodynamics and Changes in Matter,Unit 5,No
Equilibrium,Unit 7,No
Acids and Bases,Unit 8,No
"Applications of Thermodynamics ",Unit 9,No